<Patch>

	<Operation Class="PatchOperationFindMod">
		<mods>
			<li>Medieval Overhaul</li>
		</mods>
		<match Class="PatchOperationSequence">
			<success>Normal</success>
			<operations>

				<li Class="PatchOperationAdd">
					<xpath>Defs/RecipeDef [defName = "DankPyon_TreatAnyHideHuge"]/ingredients/li[1]/filter/thingDefs</xpath>
					<value>
						<li>DankPyon_Hide_Human</li>
					</value>
				</li>

				<li Class="PatchOperationAdd">
					<xpath>Defs/RecipeDef [defName = "DankPyon_TreatAnyHideHuge"]/fixedIngredientFilter/thingDefs</xpath>
					<value>
						<li>DankPyon_Hide_Human</li>
					</value>
				</li>

			</operations>
		</match>
	</Operation>
</Patch>
