<?xml version="1.0" encoding="utf-8" ?>
<Patch>

        <Operation Class="PatchOperationAdd">
          <xpath>Defs</xpath>
          <value>
            <ThingDef ParentName="DankPyon_HideBaseHuge">
              <defName>DankPyon_Hide_Human</defName>
              <label>fresh human hide</label>
              <graphicData>
                <texPath>Resources/HumanHide</texPath>
              </graphicData>
              <statBases>
                <MarketValue>283.5</MarketValue>
              </statBases>
              <butcherProducts Inherit="False">
                <Leather_Human>75</Leather_Human>
              </butcherProducts>
            </ThingDef>
          </value>
        </Operation>


          <Operation Class="PatchOperationAdd">
          <xpath>Defs/ThingDef [defName = "Human"]/butcherProducts</xpath>
          <value>
              <DankPyon_Hide_Human>1</DankPyon_Hide_Human>
          </value>
        </Operation>

        <Operation Class="PatchOperationAdd">
          <xpath>Defs/ThingDef [defName = "BasePawn"]/butcherProducts</xpath>
          <value>
              <DankPyon_Hide_Human>1</DankPyon_Hide_Human>
          </value>
        </Operation>

</Patch>
