<Patch>

	<Operation Class="PatchOperationFindMod">
		<mods>
			<li>Call of Cthulhu - Cosmic Horrors</li>
		</mods>
		<match Class="PatchOperationSequence">
			<success>Normal</success>
			<operations>

				<li Class="PatchOperationAdd">
					<xpath>Defs/RecipeDef [defName = "DankPyon_TreatAnyHideHuge"]/ingredients/li[1]/filter/thingDefs</xpath>
					<value>
						<li>DankPyon_Hide_StarVampire</li>
					</value>
				</li>

				<li Class="PatchOperationAdd">
					<xpath>Defs/RecipeDef [defName = "DankPyon_TreatAnyHideHuge"]/fixedIngredientFilter/thingDefs</xpath>
					<value>
						<li>DankPyon_Hide_StarVampire</li>
					</value>
				</li>

				<li Class="PatchOperationAdd">
					<xpath>Defs/RecipeDef [defName = "DankPyon_TreatAnyHideLarge"]/ingredients/li[1]/filter/thingDefs</xpath>
					<value>
						<li>DankPyon_Hide_StarVampireAbberation</li>
					</value>
				</li>

				<li Class="PatchOperationAdd">
					<xpath>Defs/RecipeDef [defName = "DankPyon_TreatAnyHideLarge"]/fixedIngredientFilter/thingDefs</xpath>
					<value>
						<li>DankPyon_Hide_StarVampireAbberation</li>
					</value>
				</li>

				<li Class="PatchOperationAdd">
					<xpath>Defs/RecipeDef [defName = "DankPyon_TreatAnyHideLarge"]/ingredients/li[1]/filter/thingDefs</xpath>
					<value>
						<li>DankPyon_Hide_StarVampireAlbino</li>
					</value>
				</li>

				<li Class="PatchOperationAdd">
					<xpath>Defs/RecipeDef [defName = "DankPyon_TreatAnyHideLarge"]/fixedIngredientFilter/thingDefs</xpath>
					<value>
						<li>DankPyon_Hide_StarVampireAlbino</li>
					</value>
				</li>

				<li Class="PatchOperationAdd">
					<xpath>Defs/RecipeDef [defName = "DankPyon_TreatAnyHideHuge"]/ingredients/li[1]/filter/thingDefs</xpath>
					<value>
						<li>DankPyon_Hide_StarVampireNight</li>
					</value>
				</li>

				<li Class="PatchOperationAdd">
					<xpath>Defs/RecipeDef [defName = "DankPyon_TreatAnyHideHuge"]/fixedIngredientFilter/thingDefs</xpath>
					<value>
						<li>DankPyon_Hide_StarVampireNight</li>
					</value>
				</li>

				<li Class="PatchOperationAdd">
					<xpath>Defs/RecipeDef [defName = "DankPyon_TreatAnyHideHuge"]/ingredients/li[1]/filter/thingDefs</xpath>
					<value>
						<li>DankPyon_Hide_Chthonian</li>
					</value>
				</li>

				<li Class="PatchOperationAdd">
					<xpath>Defs/RecipeDef [defName = "DankPyon_TreatAnyHideHuge"]/fixedIngredientFilter/thingDefs</xpath>
					<value>
						<li>DankPyon_Hide_Chthonian</li>
					</value>
				</li>

				<li Class="PatchOperationAdd">
					<xpath>Defs/RecipeDef [defName = "DankPyon_TreatAnyHideMedium"]/ingredients/li[1]/filter/thingDefs</xpath>
					<value>
						<li>DankPyon_Hide_ChthonianLarva</li>
					</value>
				</li>

				<li Class="PatchOperationAdd">
					<xpath>Defs/RecipeDef [defName = "DankPyon_TreatAnyHideMedium"]/fixedIngredientFilter/thingDefs</xpath>
					<value>
						<li>DankPyon_Hide_ChthonianLarva</li>
					</value>
				</li>

				<li Class="PatchOperationAdd">
					<xpath>Defs/RecipeDef [defName = "DankPyon_TreatAnyHideHuge"]/ingredients/li[1]/filter/thingDefs</xpath>
					<value>
						<li>DankPyon_Hide_Cthulhid</li>
					</value>
				</li>

				<li Class="PatchOperationAdd">
					<xpath>Defs/RecipeDef [defName = "DankPyon_TreatAnyHideHuge"]/fixedIngredientFilter/thingDefs</xpath>
					<value>
						<li>DankPyon_Hide_Cthulhid</li>
					</value>
				</li>

				<li Class="PatchOperationAdd">
					<xpath>Defs/RecipeDef [defName = "DankPyon_TreatAnyHideLarge"]/fixedIngredientFilter/thingDefs</xpath>
					<value>
						<li>DankPyon_Hide_DeepOne</li>
					</value>
				</li>

				<li Class="PatchOperationAdd">
					<xpath>Defs/RecipeDef [defName = "DankPyon_TreatAnyHideLarge"]/ingredients/li[1]/filter/thingDefs</xpath>
					<value>
						<li>DankPyon_Hide_DeepOne</li>
					</value>
				</li>

				<li Class="PatchOperationAdd">
					<xpath>Defs/RecipeDef [defName = "DankPyon_TreatAnyHideLarge"]/fixedIngredientFilter/thingDefs</xpath>
					<value>
						<li>DankPyon_Hide_DeepOneGreat</li>
					</value>
				</li>

				<li Class="PatchOperationAdd">
					<xpath>Defs/RecipeDef [defName = "DankPyon_TreatAnyHideLarge"]/ingredients/li[1]/filter/thingDefs</xpath>
					<value>
						<li>DankPyon_Hide_DeepOneGreat</li>
					</value>
				</li>

				<li Class="PatchOperationAdd">
					<xpath>Defs/RecipeDef [defName = "DankPyon_TreatAnyHideLarge"]/fixedIngredientFilter/thingDefs</xpath>
					<value>
						<li>DankPyon_Hide_MiGo</li>
					</value>
				</li>

				<li Class="PatchOperationAdd">
					<xpath>Defs/RecipeDef [defName = "DankPyon_TreatAnyHideLarge"]/ingredients/li[1]/filter/thingDefs</xpath>
					<value>
						<li>DankPyon_Hide_MiGo</li>
					</value>
				</li>

				<li Class="PatchOperationAdd">
					<xpath>Defs/RecipeDef [defName = "DankPyon_TreatAnyHideHuge"]/ingredients/li[1]/filter/thingDefs</xpath>
					<value>
						<li>DankPyon_Hide_DarkYoung</li>
					</value>
				</li>

				<li Class="PatchOperationAdd">
					<xpath>Defs/RecipeDef [defName = "DankPyon_TreatAnyHideHuge"]/fixedIngredientFilter/thingDefs</xpath>
					<value>
						<li>DankPyon_Hide_DarkYoung</li>
					</value>
				</li>

			</operations>
		</match>
	</Operation>
</Patch>
