<?xml version="1.0" encoding="utf-8" ?>
<Patch>

  <Operation Class="PatchOperationFindMod">
    <mods>
      <li>Dinosauria</li>
    </mods>

    <match Class="PatchOperationSequence">
      <success>Always</success>
      <operations>

        <li Class="PatchOperationRemove">
          <xpath>Defs</xpath>
          <value>
            <ThingDef ParentName="DankPyon_HideBaseHuge">
              <defName>DankPyon_Hide_Tyrannosaurus</defName>
              <label>huge tyrannosaurus hide</label>
              <graphicData>
                <texPath>Resources/ScaleHuge</texPath>
                <color>(104,85,52)</color>
              </graphicData>
              <statBases>
                <MarketValue>1008</MarketValue>
              </statBases>
              <butcherProducts Inherit="False">
                <Leather_Tyrannosaurus>140</Leather_Tyrannosaurus>
              </butcherProducts>
              <stuffProps>
                <color>(104,85,52)</color>
              </stuffProps>
            </ThingDef>
          </value>
        </li>

        <li Class="PatchOperationRemove">
          <xpath>Defs</xpath>
          <value>
            <ThingDef ParentName="DankPyon_HideBaseHuge">
              <defName>DankPyon_Hide_Spinosaurus</defName>
              <label>huge spinosaurus hide</label>
              <graphicData>
                <texPath>Resources/ScaleHuge</texPath>
                <color>(88,85,82)</color>
              </graphicData>
              <statBases>
                <MarketValue>1008</MarketValue>
              </statBases>
              <butcherProducts Inherit="False">
                <Leather_Spinosaurus>140</Leather_Spinosaurus>
              </butcherProducts>
              <stuffProps>
                <color>(88,85,82)</color>
              </stuffProps>
            </ThingDef>
          </value>
        </li>


        <li Class="PatchOperationRemove">
          <xpath>Defs</xpath>
          <value>
            <ThingDef ParentName="DankPyon_HideBaseHuge">
              <defName>DankPyon_Hide_Carnotosaurus</defName>
              <label>huge carnotosaurus hide</label>
              <graphicData>
                <texPath>Resources/ScaleLarge</texPath>
                <color>(156,72,60)</color>
              </graphicData>
              <statBases>
                <MarketValue>378</MarketValue>
              </statBases>
              <butcherProducts Inherit="False">
                <Leather_Redhide>100</Leather_Redhide>
              </butcherProducts>
              <stuffProps>
                <color>(156,72,60)</color>
              </stuffProps>
            </ThingDef>
          </value>
        </li>

        <li Class="PatchOperationRemove">
          <xpath>Defs</xpath>
          <value>
            <ThingDef ParentName="DankPyon_HideBaseHuge">
              <defName>DankPyon_Hide_TheropodAllo</defName>
              <label>huge allosaurus hide</label>
              <graphicData>
                <texPath>Resources/ScaleLarge</texPath>
                <color>(82,97,108)</color>
              </graphicData>
              <statBases>
                <MarketValue>342</MarketValue>
              </statBases>
              <butcherProducts Inherit="False">
                <Leather_Theropod>100</Leather_Theropod>
              </butcherProducts>
              <stuffProps>
                <color>(82,97,108)</color>
              </stuffProps>
            </ThingDef>
          </value>
        </li>

        <li Class="PatchOperationRemove">
          <xpath>Defs</xpath>
          <value>
            <ThingDef ParentName="DankPyon_HideBaseHuge">
              <defName>DankPyon_Hide_TheropodBary</defName>
              <label>huge baryonyx hide</label>
              <graphicData>
                <texPath>Resources/ScaleHuge</texPath>
                <color>(82,97,108)</color>
              </graphicData>
              <statBases>
                <MarketValue>478.8</MarketValue>
              </statBases>
              <butcherProducts Inherit="False">
                <Leather_Theropod>140</Leather_Theropod>
              </butcherProducts>
              <stuffProps>
                <color>(82,97,108)</color>
              </stuffProps>
            </ThingDef>
          </value>
        </li>

        <li Class="PatchOperationRemove">
          <xpath>Defs</xpath>
          <value>
            <ThingDef ParentName="DankPyon_HideBaseHuge">
              <defName>DankPyon_Hide_ArmoredDinoAnk</defName>
              <label>huge ankylosaurus hide</label>
              <graphicData>
                <texPath>Resources/ScaleMedium</texPath>
                <color>(179,147,34)</color>
              </graphicData>
              <statBases>
                <MarketValue>756</MarketValue>
              </statBases>
              <butcherProducts Inherit="False">
                <Leather_ArmoredDino>84</Leather_ArmoredDino>
              </butcherProducts>
              <stuffProps>
                <color>(179,147,34)</color>
              </stuffProps>
            </ThingDef>
          </value>
        </li>

        <li Class="PatchOperationRemove">
          <xpath>Defs</xpath>
          <value>
            <ThingDef ParentName="DankPyon_HideBaseLarge">
              <defName>DankPyon_Hide_ArmoredDinoMin</defName>
              <label>large minmi hide</label>
              <graphicData>
                <texPath>Resources/ScaleSmall</texPath>
                <color>(179,147,34)</color>
              </graphicData>
              <statBases>
                <MarketValue>360</MarketValue>
              </statBases>
              <butcherProducts Inherit="False">
                <Leather_ArmoredDino>40</Leather_ArmoredDino>
              </butcherProducts>
              <stuffProps>
                <color>(179,147,34)</color>
              </stuffProps>
            </ThingDef>
          </value>
        </li>

        <li Class="PatchOperationRemove">
          <xpath>Defs</xpath>
          <value>
            <ThingDef ParentName="DankPyon_HideBaseHuge">
              <defName>DankPyon_Hide_SauropodBra</defName>
              <label>huge brachiosaurus hide</label>
              <graphicData>
                <texPath>Resources/ScaleHuge</texPath>
                <color>(95,90,86)</color>
              </graphicData>
              <statBases>
                <MarketValue>1998</MarketValue>
              </statBases>
              <butcherProducts Inherit="False">
                <Leather_Sauropod>600</Leather_Sauropod>
              </butcherProducts>
              <stuffProps>
                <color>(95,90,86)</color>
              </stuffProps>
            </ThingDef>
          </value>
        </li>

        <li Class="PatchOperationRemove">
          <xpath>Defs</xpath>
          <value>
            <ThingDef ParentName="DankPyon_HideBaseHuge">
              <defName>DankPyon_Hide_SauropodMag</defName>
              <label>huge magyarosaurus hide</label>
              <graphicData>
                <texPath>Resources/ScaleLarge</texPath>
                <color>(95,90,86)</color>
              </graphicData>
              <statBases>
                <MarketValue>399.6</MarketValue>
              </statBases>
              <butcherProducts Inherit="False">
                <Leather_Sauropod>120</Leather_Sauropod>
              </butcherProducts>
              <stuffProps>
                <color>(95,90,86)</color>
              </stuffProps>
            </ThingDef>
          </value>
        </li>

        <li Class="PatchOperationRemove">
          <xpath>Defs</xpath>
          <value>
            <ThingDef ParentName="DankPyon_HideBaseHuge">
              <defName>DankPyon_Hide_SauropodBro</defName>
              <label>huge brontosaurus hide</label>
              <graphicData>
                <texPath>Resources/ScaleHuge</texPath>
                <color>(95,90,86)</color>
              </graphicData>
              <statBases>
                <MarketValue>1998</MarketValue>
              </statBases>
              <butcherProducts Inherit="False">
                <Leather_Sauropod>600</Leather_Sauropod>
              </butcherProducts>
              <stuffProps>
                <color>(95,90,86)</color>
              </stuffProps>
            </ThingDef>
          </value>
        </li>

        <li Class="PatchOperationRemove">
          <xpath>Defs</xpath>
          <value>
            <ThingDef ParentName="DankPyon_HideBaseHuge">
              <defName>DankPyon_Hide_SauropodDip</defName>
              <label>huge diplodocus hide</label>
              <graphicData>
                <texPath>Resources/ScaleHuge</texPath>
                <color>(95,90,86)</color>
              </graphicData>
              <statBases>
                <MarketValue>1998</MarketValue>
              </statBases>
              <butcherProducts Inherit="False">
                <Leather_Sauropod>600</Leather_Sauropod>
              </butcherProducts>
              <stuffProps>
                <color>(95,90,86)</color>
              </stuffProps>
            </ThingDef>
          </value>
        </li>

        <li Class="PatchOperationRemove">
          <xpath>Defs</xpath>
          <value>
            <ThingDef ParentName="DankPyon_HideBaseTiny">
              <defName>DankPyon_Hide_DinosaurSkinCom</defName>
              <label>tiny compsognathus hide</label>
              <graphicData>
                <texPath>Resources/ScaleTiny</texPath>
                <color>(107,101,0)</color>
              </graphicData>
              <statBases>
                <MarketValue>22.68</MarketValue>
              </statBases>
              <butcherProducts Inherit="False">
                <Leather_DinosaurSkin>12</Leather_DinosaurSkin>
              </butcherProducts>
              <stuffProps>
                <color>(107,101,0)</color>
              </stuffProps>
            </ThingDef>
          </value>
        </li>

        <li Class="PatchOperationRemove">
          <xpath>Defs</xpath>
          <value>
            <ThingDef ParentName="DankPyon_HideBaseTiny">
              <defName>DankPyon_Hide_DinosaurSkinDry</defName>
              <label>tiny dryosaurus hide</label>
              <graphicData>
                <texPath>Resources/ScaleTiny</texPath>
                <color>(107,101,0)</color>
              </graphicData>
              <statBases>
                <MarketValue>24.57</MarketValue>
              </statBases>
              <butcherProducts Inherit="False">
                <Leather_DinosaurSkin>13</Leather_DinosaurSkin>
              </butcherProducts>
              <stuffProps>
                <color>(107,101,0)</color>
              </stuffProps>
            </ThingDef>
          </value>
        </li>

        <li Class="PatchOperationRemove">
          <xpath>Defs</xpath>
          <value>
            <ThingDef ParentName="DankPyon_HideBaseTiny">
              <defName>DankPyon_Hide_DinosaurSkinPro</defName>
              <label>tiny protoceratops hide</label>
              <graphicData>
                <texPath>Resources/ScaleTiny</texPath>
                <color>(107,101,0)</color>
              </graphicData>
              <statBases>
                <MarketValue>28.35</MarketValue>
              </statBases>
              <butcherProducts Inherit="False">
                <Leather_DinosaurSkin>15</Leather_DinosaurSkin>
              </butcherProducts>
              <stuffProps>
                <color>(107,101,0)</color>
              </stuffProps>
            </ThingDef>
          </value>
        </li>

        <li Class="PatchOperationRemove">
          <xpath>Defs</xpath>
          <value>
            <ThingDef ParentName="DankPyon_HideBaseLarge">
              <defName>DankPyon_Hide_DinosaurHideCor</defName>
              <label>large corythosaurus hide</label>
              <graphicData>
                <texPath>Resources/ScaleMedium</texPath>
                <color>(107,123,156)</color>
              </graphicData>
              <statBases>
                <MarketValue>151.2</MarketValue>
              </statBases>
              <butcherProducts Inherit="False">
                <Leather_DinosaurHide>56</Leather_DinosaurHide>
              </butcherProducts>
              <stuffProps>
                <color>(107,123,156)</color>
              </stuffProps>
            </ThingDef>
          </value>
        </li>

        <li Class="PatchOperationRemove">
          <xpath>Defs</xpath>
          <value>
            <ThingDef ParentName="DankPyon_HideBaseLarge">
              <defName>DankPyon_Hide_DinosaurHideGig</defName>
              <label>large gigantoraptor hide</label>
              <graphicData>
                <texPath>Resources/ScaleMedium</texPath>
                <color>(107,123,156)</color>
              </graphicData>
              <statBases>
                <MarketValue>113.4</MarketValue>
              </statBases>
              <butcherProducts Inherit="False">
                <Leather_DinosaurHide>42</Leather_DinosaurHide>
              </butcherProducts>
              <stuffProps>
                <color>(107,123,156)</color>
              </stuffProps>
            </ThingDef>
          </value>
        </li>

        <li Class="PatchOperationRemove">
          <xpath>Defs</xpath>
          <value>
            <ThingDef ParentName="DankPyon_HideBaseHuge">
              <defName>DankPyon_Hide_DinosaurHideTri</defName>
              <label>huge triceratops hide</label>
              <graphicData>
                <texPath>Resources/ScaleHuge</texPath>
                <color>(107,123,156)</color>
              </graphicData>
              <statBases>
                <MarketValue>388.8</MarketValue>
              </statBases>
              <butcherProducts Inherit="False">
                <Leather_DinosaurHide>144</Leather_DinosaurHide>
              </butcherProducts>
              <stuffProps>
                <color>(107,123,156)</color>
              </stuffProps>
            </ThingDef>
          </value>
        </li>

        <li Class="PatchOperationRemove">
          <xpath>Defs</xpath>
          <value>
            <ThingDef ParentName="DankPyon_HideBaseTiny">
              <defName>DankPyon_Hide_DinosaurHideSty</defName>
              <label>tiny stygimoloch hide</label>
              <graphicData>
                <texPath>Resources/ScaleTiny</texPath>
                <color>(107,123,156)</color>
              </graphicData>
              <statBases>
                <MarketValue>40.5</MarketValue>
              </statBases>
              <butcherProducts Inherit="False">
                <Leather_DinosaurHide>15</Leather_DinosaurHide>
              </butcherProducts>
              <stuffProps>
                <color>(107,123,156)</color>
              </stuffProps>
            </ThingDef>
          </value>
        </li>

        <li Class="PatchOperationRemove">
          <xpath>Defs</xpath>
          <value>
            <ThingDef ParentName="DankPyon_HideBaseLarge">
              <defName>DankPyon_Hide_DinosaurHideGal</defName>
              <label>large gallimimus hide</label>
              <graphicData>
                <texPath>Resources/ScaleLarge</texPath>
                <color>(107,123,156)</color>
              </graphicData>
              <statBases>
                <MarketValue>113.4</MarketValue>
              </statBases>
              <butcherProducts Inherit="False">
                <Leather_DinosaurHide>42</Leather_DinosaurHide>
              </butcherProducts>
              <stuffProps>
                <color>(107,123,156)</color>
              </stuffProps>
            </ThingDef>
          </value>
        </li>

        <li Class="PatchOperationRemove">
          <xpath>Defs</xpath>
          <value>
            <ThingDef ParentName="DankPyon_HideBaseMedium">
              <defName>DankPyon_Hide_DinosaurHidePac</defName>
              <label>medium pachycephalosaurus hide</label>
              <graphicData>
                <texPath>Resources/ScaleTiny</texPath>
                <color>(107,123,156)</color>
              </graphicData>
              <statBases>
                <MarketValue>70.2</MarketValue>
              </statBases>
              <butcherProducts Inherit="False">
                <Leather_DinosaurHide>26</Leather_DinosaurHide>
              </butcherProducts>
              <stuffProps>
                <color>(107,123,156)</color>
              </stuffProps>
            </ThingDef>
          </value>
        </li>

        <li Class="PatchOperationRemove">
          <xpath>Defs</xpath>
          <value>
            <ThingDef ParentName="DankPyon_HideBaseMedium">
              <defName>DankPyon_Hide_DinosaurHideIgu</defName>
              <label>medium iguanodon hide</label>
              <graphicData>
                <texPath>Resources/ScaleMedium</texPath>
                <color>(107,123,156)</color>
              </graphicData>
              <statBases>
                <MarketValue>70.2</MarketValue>
              </statBases>
              <butcherProducts Inherit="False">
                <Leather_DinosaurHide>26</Leather_DinosaurHide>
              </butcherProducts>
              <stuffProps>
                <color>(107,123,156)</color>
              </stuffProps>
            </ThingDef>
          </value>
        </li>

        <li Class="PatchOperationRemove">
          <xpath>Defs</xpath>
          <value>
            <ThingDef ParentName="DankPyon_HideBaseHuge">
              <defName>DankPyon_Hide_DinosaurHideSte</defName>
              <label>huge stegosaurus hide</label>
              <graphicData>
                <texPath>Resources/ScaleHuge</texPath>
                <color>(107,123,156)</color>
              </graphicData>
              <statBases>
                <MarketValue>364.5</MarketValue>
              </statBases>
              <butcherProducts Inherit="False">
                <Leather_DinosaurHide>135</Leather_DinosaurHide>
              </butcherProducts>
              <stuffProps>
                <color>(107,123,156)</color>
              </stuffProps>
            </ThingDef>
          </value>
        </li>

        <li Class="PatchOperationRemove">
          <xpath>Defs</xpath>
          <value>
            <ThingDef ParentName="DankPyon_HideBaseLarge">
              <defName>DankPyon_Hide_DinosaurHidePar</defName>
              <label>large parasaur hide</label>
              <graphicData>
                <texPath>Resources/ScaleMedium</texPath>
                <color>(107,123,156)</color>
              </graphicData>
              <statBases>
                <MarketValue>151.2</MarketValue>
              </statBases>
              <butcherProducts Inherit="False">
                <Leather_DinosaurHide>56</Leather_DinosaurHide>
              </butcherProducts>
              <stuffProps>
                <color>(107,123,156)</color>
              </stuffProps>
            </ThingDef>
          </value>
        </li>

        <li Class="PatchOperationRemove">
          <xpath>Defs</xpath>
          <value>
            <ThingDef ParentName="DankPyon_HideBaseLarge">
              <defName>DankPyon_Hide_DinosaurFuzz</defName>
              <label>large dinosaur fuzz hide</label>
              <graphicData>
                <texPath>Resources/HeavyFurLarge</texPath>
                <color>(107,123,156)</color>
              </graphicData>
              <statBases>
                <MarketValue>151.2</MarketValue>
              </statBases>
              <butcherProducts Inherit="False">
                <Leather_DinosaurFuzz>56</Leather_DinosaurFuzz>
              </butcherProducts>
              <stuffProps>
                <color>(107,123,156)</color>
              </stuffProps>
            </ThingDef>
          </value>
        </li>

        <li Class="PatchOperationRemove">
          <xpath>Defs</xpath>
          <value>
            <ThingDef ParentName="DankPyon_HideBaseLarge">
              <defName>DankPyon_Hide_RaptorBig</defName>
              <label>large raptor hide</label>
              <graphicData>
                <texPath>Resources/ScaleMedium</texPath>
                <color>(70,70,70)</color>
              </graphicData>
              <statBases>
                <MarketValue>108</MarketValue>
              </statBases>
              <butcherProducts Inherit="False">
                <Leather_Raptor>40</Leather_Raptor>
              </butcherProducts>
              <stuffProps>
                <color>(70,70,70)</color>
              </stuffProps>
            </ThingDef>
          </value>
        </li>

        <li Class="PatchOperationRemove">
          <xpath>Defs</xpath>
          <value>
            <ThingDef ParentName="DankPyon_HideBaseSmall">
              <defName>DankPyon_Hide_RaptorSml</defName>
              <label>small raptor hide</label>
              <graphicData>
                <texPath>Resources/ScaleTiny</texPath>
                <color>(70,70,70)</color>
              </graphicData>
              <statBases>
                <MarketValue>56.7</MarketValue>
              </statBases>
              <butcherProducts Inherit="False">
                <Leather_Raptor>21</Leather_Raptor>
              </butcherProducts>
              <stuffProps>
                <color>(70,70,70)</color>
              </stuffProps>
            </ThingDef>
          </value>
        </li>

        <li Class="PatchOperationRemove">
          <xpath>Defs</xpath>
          <value>
            <ThingDef ParentName="DankPyon_HideBaseHuge">
              <defName>DankPyon_Hide_PterosaurQue</defName>
              <label>huge quetzalcoatlus hide</label>
              <graphicData>
                <texPath>Resources/HideHuge</texPath>
                <color>(240,216,199)</color>
              </graphicData>
              <statBases>
                <MarketValue>226.8</MarketValue>
              </statBases>
              <butcherProducts Inherit="False">
                <Leather_PterosaurSkin>84</Leather_PterosaurSkin>
              </butcherProducts>
              <stuffProps>
                <color>(240,216,199)</color>
              </stuffProps>
            </ThingDef>
          </value>
        </li>

        <li Class="PatchOperationRemove">
          <xpath>Defs</xpath>
          <value>
            <ThingDef ParentName="DankPyon_HideBaseTiny">
              <defName>DankPyon_Hide_PterosaurPte</defName>
              <label>tiny pteranodon hide</label>
              <graphicData>
                <texPath>Resources/HideTiny</texPath>
                <color>(240,216,199)</color>
              </graphicData>
              <statBases>
                <MarketValue>40.5</MarketValue>
              </statBases>
              <butcherProducts Inherit="False">
                <Leather_PterosaurSkin>15</Leather_PterosaurSkin>
              </butcherProducts>
              <stuffProps>
                <color>(240,216,199)</color>
              </stuffProps>
            </ThingDef>
          </value>
        </li>

        <li Class="PatchOperationRemove">
          <xpath>Defs</xpath>
          <value>
            <ThingDef ParentName="DankPyon_HideBaseLarge">
              <defName>DankPyon_Hide_BlueFuzz</defName>
              <label>large yutyrannus hide</label>
              <graphicData>
                <texPath>Resources/HeavyFurHuge</texPath>
                <color>(91,144,155)</color>
              </graphicData>
              <statBases>
                <MarketValue>252</MarketValue>
              </statBases>
              <butcherProducts Inherit="False">
                <Leather_Bluefuzz>40</Leather_Bluefuzz>
              </butcherProducts>
              <stuffProps>
                <color>(91,144,155)</color>
              </stuffProps>
            </ThingDef>
          </value>
        </li>
      </operations>
  </match>

  <match Class="PatchOperationSequence">
    <success>Always</success>
    <operations>

      <li Class="PatchOperationAdd">
        <xpath>Defs</xpath>
        <value>
          <ThingDef ParentName="DankPyon_HideBaseHuge">
            <defName>DankPyon_Hide_Tyrannosaurus</defName>
            <label>huge tyrannosaurus hide</label>
            <graphicData>
              <texPath>Resources/ScaleHuge</texPath>
              <color>(104,85,52)</color>
            </graphicData>
            <statBases>
              <MarketValue>1008</MarketValue>
            </statBases>
            <butcherProducts Inherit="False">
              <Leather_Tyrannosaurus>140</Leather_Tyrannosaurus>
            </butcherProducts>
            <stuffProps>
              <color>(104,85,52)</color>
            </stuffProps>
          </ThingDef>
        </value>
      </li>

      <li Class="PatchOperationAdd">
        <xpath>Defs</xpath>
        <value>
          <ThingDef ParentName="DankPyon_HideBaseHuge">
            <defName>DankPyon_Hide_Spinosaurus</defName>
            <label>huge spinosaurus hide</label>
            <graphicData>
              <texPath>Resources/ScaleHuge</texPath>
              <color>(88,85,82)</color>
            </graphicData>
            <statBases>
              <MarketValue>1008</MarketValue>
            </statBases>
            <butcherProducts Inherit="False">
              <Leather_Spinosaurus>140</Leather_Spinosaurus>
            </butcherProducts>
            <stuffProps>
              <color>(88,85,82)</color>
            </stuffProps>
          </ThingDef>
        </value>
      </li>


      <li Class="PatchOperationAdd">
        <xpath>Defs</xpath>
        <value>
          <ThingDef ParentName="DankPyon_HideBaseHuge">
            <defName>DankPyon_Hide_Carnotosaurus</defName>
            <label>huge carnotosaurus hide</label>
            <graphicData>
              <texPath>Resources/ScaleLarge</texPath>
              <color>(156,72,60)</color>
            </graphicData>
            <statBases>
              <MarketValue>378</MarketValue>
            </statBases>
            <butcherProducts Inherit="False">
              <Leather_Redhide>100</Leather_Redhide>
            </butcherProducts>
            <stuffProps>
              <color>(156,72,60)</color>
            </stuffProps>
          </ThingDef>
        </value>
      </li>

      <li Class="PatchOperationAdd">
        <xpath>Defs</xpath>
        <value>
          <ThingDef ParentName="DankPyon_HideBaseHuge">
            <defName>DankPyon_Hide_TheropodAllo</defName>
            <label>huge allosaurus hide</label>
            <graphicData>
              <texPath>Resources/ScaleLarge</texPath>
              <color>(82,97,108)</color>
            </graphicData>
            <statBases>
              <MarketValue>342</MarketValue>
            </statBases>
            <butcherProducts Inherit="False">
              <Leather_Theropod>100</Leather_Theropod>
            </butcherProducts>
            <stuffProps>
              <color>(82,97,108)</color>
            </stuffProps>
          </ThingDef>
        </value>
      </li>

      <li Class="PatchOperationAdd">
        <xpath>Defs</xpath>
        <value>
          <ThingDef ParentName="DankPyon_HideBaseHuge">
            <defName>DankPyon_Hide_TheropodBary</defName>
            <label>huge baryonyx hide</label>
            <graphicData>
              <texPath>Resources/ScaleHuge</texPath>
              <color>(82,97,108)</color>
            </graphicData>
            <statBases>
              <MarketValue>478.8</MarketValue>
            </statBases>
            <butcherProducts Inherit="False">
              <Leather_Theropod>140</Leather_Theropod>
            </butcherProducts>
            <stuffProps>
              <color>(82,97,108)</color>
            </stuffProps>
          </ThingDef>
        </value>
      </li>

      <li Class="PatchOperationAdd">
        <xpath>Defs</xpath>
        <value>
          <ThingDef ParentName="DankPyon_HideBaseHuge">
            <defName>DankPyon_Hide_ArmoredDinoAnk</defName>
            <label>huge ankylosaurus hide</label>
            <graphicData>
              <texPath>Resources/ScaleMedium</texPath>
              <color>(179,147,34)</color>
            </graphicData>
            <statBases>
              <MarketValue>756</MarketValue>
            </statBases>
            <butcherProducts Inherit="False">
              <Leather_ArmoredDino>84</Leather_ArmoredDino>
            </butcherProducts>
            <stuffProps>
              <color>(179,147,34)</color>
            </stuffProps>
          </ThingDef>
        </value>
      </li>

      <li Class="PatchOperationAdd">
        <xpath>Defs</xpath>
        <value>
          <ThingDef ParentName="DankPyon_HideBaseLarge">
            <defName>DankPyon_Hide_ArmoredDinoMin</defName>
            <label>large minmi hide</label>
            <graphicData>
              <texPath>Resources/ScaleSmall</texPath>
              <color>(179,147,34)</color>
            </graphicData>
            <statBases>
              <MarketValue>360</MarketValue>
            </statBases>
            <butcherProducts Inherit="False">
              <Leather_ArmoredDino>40</Leather_ArmoredDino>
            </butcherProducts>
            <stuffProps>
              <color>(179,147,34)</color>
            </stuffProps>
          </ThingDef>
        </value>
      </li>

      <li Class="PatchOperationAdd">
        <xpath>Defs</xpath>
        <value>
          <ThingDef ParentName="DankPyon_HideBaseHuge">
            <defName>DankPyon_Hide_SauropodBra</defName>
            <label>huge brachiosaurus hide</label>
            <graphicData>
              <texPath>Resources/ScaleHuge</texPath>
              <color>(95,90,86)</color>
            </graphicData>
            <statBases>
              <MarketValue>1998</MarketValue>
            </statBases>
            <butcherProducts Inherit="False">
              <Leather_Sauropod>600</Leather_Sauropod>
            </butcherProducts>
            <stuffProps>
              <color>(95,90,86)</color>
            </stuffProps>
          </ThingDef>
        </value>
      </li>

      <li Class="PatchOperationAdd">
        <xpath>Defs</xpath>
        <value>
          <ThingDef ParentName="DankPyon_HideBaseHuge">
            <defName>DankPyon_Hide_SauropodMag</defName>
            <label>huge magyarosaurus hide</label>
            <graphicData>
              <texPath>Resources/ScaleLarge</texPath>
              <color>(95,90,86)</color>
            </graphicData>
            <statBases>
              <MarketValue>399.6</MarketValue>
            </statBases>
            <butcherProducts Inherit="False">
              <Leather_Sauropod>120</Leather_Sauropod>
            </butcherProducts>
            <stuffProps>
              <color>(95,90,86)</color>
            </stuffProps>
          </ThingDef>
        </value>
      </li>

      <li Class="PatchOperationAdd">
        <xpath>Defs</xpath>
        <value>
          <ThingDef ParentName="DankPyon_HideBaseHuge">
            <defName>DankPyon_Hide_SauropodBro</defName>
            <label>huge brontosaurus hide</label>
            <graphicData>
              <texPath>Resources/ScaleHuge</texPath>
              <color>(95,90,86)</color>
            </graphicData>
            <statBases>
              <MarketValue>1998</MarketValue>
            </statBases>
            <butcherProducts Inherit="False">
              <Leather_Sauropod>600</Leather_Sauropod>
            </butcherProducts>
            <stuffProps>
              <color>(95,90,86)</color>
            </stuffProps>
          </ThingDef>
        </value>
      </li>

      <li Class="PatchOperationAdd">
        <xpath>Defs</xpath>
        <value>
          <ThingDef ParentName="DankPyon_HideBaseHuge">
            <defName>DankPyon_Hide_SauropodDip</defName>
            <label>huge diplodocus hide</label>
            <graphicData>
              <texPath>Resources/ScaleHuge</texPath>
              <color>(95,90,86)</color>
            </graphicData>
            <statBases>
              <MarketValue>1998</MarketValue>
            </statBases>
            <butcherProducts Inherit="False">
              <Leather_Sauropod>600</Leather_Sauropod>
            </butcherProducts>
            <stuffProps>
              <color>(95,90,86)</color>
            </stuffProps>
          </ThingDef>
        </value>
      </li>

      <li Class="PatchOperationAdd">
        <xpath>Defs</xpath>
        <value>
          <ThingDef ParentName="DankPyon_HideBaseTiny">
            <defName>DankPyon_Hide_DinosaurSkinCom</defName>
            <label>tiny compsognathus hide</label>
            <graphicData>
              <texPath>Resources/ScaleTiny</texPath>
              <color>(107,101,0)</color>
            </graphicData>
            <statBases>
              <MarketValue>22.68</MarketValue>
            </statBases>
            <butcherProducts Inherit="False">
              <Leather_DinosaurSkin>12</Leather_DinosaurSkin>
            </butcherProducts>
            <stuffProps>
              <color>(107,101,0)</color>
            </stuffProps>
          </ThingDef>
        </value>
      </li>

      <li Class="PatchOperationAdd">
        <xpath>Defs</xpath>
        <value>
          <ThingDef ParentName="DankPyon_HideBaseTiny">
            <defName>DankPyon_Hide_DinosaurSkinDry</defName>
            <label>tiny dryosaurus hide</label>
            <graphicData>
              <texPath>Resources/ScaleTiny</texPath>
              <color>(107,101,0)</color>
            </graphicData>
            <statBases>
              <MarketValue>24.57</MarketValue>
            </statBases>
            <butcherProducts Inherit="False">
              <Leather_DinosaurSkin>13</Leather_DinosaurSkin>
            </butcherProducts>
            <stuffProps>
              <color>(107,101,0)</color>
            </stuffProps>
          </ThingDef>
        </value>
      </li>

      <li Class="PatchOperationAdd">
        <xpath>Defs</xpath>
        <value>
          <ThingDef ParentName="DankPyon_HideBaseTiny">
            <defName>DankPyon_Hide_DinosaurSkinPro</defName>
            <label>tiny protoceratops hide</label>
            <graphicData>
              <texPath>Resources/ScaleTiny</texPath>
              <color>(107,101,0)</color>
            </graphicData>
            <statBases>
              <MarketValue>28.35</MarketValue>
            </statBases>
            <butcherProducts Inherit="False">
              <Leather_DinosaurSkin>15</Leather_DinosaurSkin>
            </butcherProducts>
            <stuffProps>
              <color>(107,101,0)</color>
            </stuffProps>
          </ThingDef>
        </value>
      </li>

      <li Class="PatchOperationAdd">
        <xpath>Defs</xpath>
        <value>
          <ThingDef ParentName="DankPyon_HideBaseLarge">
            <defName>DankPyon_Hide_DinosaurHideCor</defName>
            <label>large corythosaurus hide</label>
            <graphicData>
              <texPath>Resources/ScaleMedium</texPath>
              <color>(107,123,156)</color>
            </graphicData>
            <statBases>
              <MarketValue>151.2</MarketValue>
            </statBases>
            <butcherProducts Inherit="False">
              <Leather_DinosaurHide>56</Leather_DinosaurHide>
            </butcherProducts>
            <stuffProps>
              <color>(107,123,156)</color>
            </stuffProps>
          </ThingDef>
        </value>
      </li>

      <li Class="PatchOperationAdd">
        <xpath>Defs</xpath>
        <value>
          <ThingDef ParentName="DankPyon_HideBaseLarge">
            <defName>DankPyon_Hide_DinosaurHideGig</defName>
            <label>large gigantoraptor hide</label>
            <graphicData>
              <texPath>Resources/ScaleMedium</texPath>
              <color>(107,123,156)</color>
            </graphicData>
            <statBases>
              <MarketValue>113.4</MarketValue>
            </statBases>
            <butcherProducts Inherit="False">
              <Leather_DinosaurHide>42</Leather_DinosaurHide>
            </butcherProducts>
            <stuffProps>
              <color>(107,123,156)</color>
            </stuffProps>
          </ThingDef>
        </value>
      </li>

      <li Class="PatchOperationAdd">
        <xpath>Defs</xpath>
        <value>
          <ThingDef ParentName="DankPyon_HideBaseHuge">
            <defName>DankPyon_Hide_DinosaurHideTri</defName>
            <label>huge triceratops hide</label>
            <graphicData>
              <texPath>Resources/ScaleHuge</texPath>
              <color>(107,123,156)</color>
            </graphicData>
            <statBases>
              <MarketValue>388.8</MarketValue>
            </statBases>
            <butcherProducts Inherit="False">
              <Leather_DinosaurHide>144</Leather_DinosaurHide>
            </butcherProducts>
            <stuffProps>
              <color>(107,123,156)</color>
            </stuffProps>
          </ThingDef>
        </value>
      </li>

      <li Class="PatchOperationAdd">
        <xpath>Defs</xpath>
        <value>
          <ThingDef ParentName="DankPyon_HideBaseTiny">
            <defName>DankPyon_Hide_DinosaurHideSty</defName>
            <label>tiny stygimoloch hide</label>
            <graphicData>
              <texPath>Resources/ScaleTiny</texPath>
              <color>(107,123,156)</color>
            </graphicData>
            <statBases>
              <MarketValue>40.5</MarketValue>
            </statBases>
            <butcherProducts Inherit="False">
              <Leather_DinosaurHide>15</Leather_DinosaurHide>
            </butcherProducts>
            <stuffProps>
              <color>(107,123,156)</color>
            </stuffProps>
          </ThingDef>
        </value>
      </li>

      <li Class="PatchOperationAdd">
        <xpath>Defs</xpath>
        <value>
          <ThingDef ParentName="DankPyon_HideBaseLarge">
            <defName>DankPyon_Hide_DinosaurHideGal</defName>
            <label>large gallimimus hide</label>
            <graphicData>
              <texPath>Resources/ScaleLarge</texPath>
              <color>(107,123,156)</color>
            </graphicData>
            <statBases>
              <MarketValue>113.4</MarketValue>
            </statBases>
            <butcherProducts Inherit="False">
              <Leather_DinosaurHide>42</Leather_DinosaurHide>
            </butcherProducts>
            <stuffProps>
              <color>(107,123,156)</color>
            </stuffProps>
          </ThingDef>
        </value>
      </li>

      <li Class="PatchOperationAdd">
        <xpath>Defs</xpath>
        <value>
          <ThingDef ParentName="DankPyon_HideBaseMedium">
            <defName>DankPyon_Hide_DinosaurHidePac</defName>
            <label>medium pachycephalosaurus hide</label>
            <graphicData>
              <texPath>Resources/ScaleTiny</texPath>
              <color>(107,123,156)</color>
            </graphicData>
            <statBases>
              <MarketValue>70.2</MarketValue>
            </statBases>
            <butcherProducts Inherit="False">
              <Leather_DinosaurHide>26</Leather_DinosaurHide>
            </butcherProducts>
            <stuffProps>
              <color>(107,123,156)</color>
            </stuffProps>
          </ThingDef>
        </value>
      </li>

      <li Class="PatchOperationAdd">
        <xpath>Defs</xpath>
        <value>
          <ThingDef ParentName="DankPyon_HideBaseMedium">
            <defName>DankPyon_Hide_DinosaurHideIgu</defName>
            <label>medium iguanodon hide</label>
            <graphicData>
              <texPath>Resources/ScaleMedium</texPath>
              <color>(107,123,156)</color>
            </graphicData>
            <statBases>
              <MarketValue>70.2</MarketValue>
            </statBases>
            <butcherProducts Inherit="False">
              <Leather_DinosaurHide>26</Leather_DinosaurHide>
            </butcherProducts>
            <stuffProps>
              <color>(107,123,156)</color>
            </stuffProps>
          </ThingDef>
        </value>
      </li>

      <li Class="PatchOperationAdd">
        <xpath>Defs</xpath>
        <value>
          <ThingDef ParentName="DankPyon_HideBaseHuge">
            <defName>DankPyon_Hide_DinosaurHideSte</defName>
            <label>huge stegosaurus hide</label>
            <graphicData>
              <texPath>Resources/ScaleHuge</texPath>
              <color>(107,123,156)</color>
            </graphicData>
            <statBases>
              <MarketValue>364.5</MarketValue>
            </statBases>
            <butcherProducts Inherit="False">
              <Leather_DinosaurHide>135</Leather_DinosaurHide>
            </butcherProducts>
            <stuffProps>
              <color>(107,123,156)</color>
            </stuffProps>
          </ThingDef>
        </value>
      </li>

      <li Class="PatchOperationAdd">
        <xpath>Defs</xpath>
        <value>
          <ThingDef ParentName="DankPyon_HideBaseLarge">
            <defName>DankPyon_Hide_DinosaurHidePar</defName>
            <label>large parasaur hide</label>
            <graphicData>
              <texPath>Resources/ScaleMedium</texPath>
              <color>(107,123,156)</color>
            </graphicData>
            <statBases>
              <MarketValue>151.2</MarketValue>
            </statBases>
            <butcherProducts Inherit="False">
              <Leather_DinosaurHide>56</Leather_DinosaurHide>
            </butcherProducts>
            <stuffProps>
              <color>(107,123,156)</color>
            </stuffProps>
          </ThingDef>
        </value>
      </li>

      <li Class="PatchOperationAdd">
        <xpath>Defs</xpath>
        <value>
          <ThingDef ParentName="DankPyon_HideBaseLarge">
            <defName>DankPyon_Hide_DinosaurFuzz</defName>
            <label>large dinosaur fuzz hide</label>
            <graphicData>
              <texPath>Resources/HeavyFurMedium</texPath>
              <color>(107,123,156)</color>
            </graphicData>
            <statBases>
              <MarketValue>151.2</MarketValue>
            </statBases>
            <butcherProducts Inherit="False">
              <Leather_DinosaurFuzz>56</Leather_DinosaurFuzz>
            </butcherProducts>
            <stuffProps>
              <color>(107,123,156)</color>
            </stuffProps>
          </ThingDef>
        </value>
      </li>

      <li Class="PatchOperationAdd">
        <xpath>Defs</xpath>
        <value>
          <ThingDef ParentName="DankPyon_HideBaseLarge">
            <defName>DankPyon_Hide_RaptorBig</defName>
            <label>large raptor hide</label>
            <graphicData>
              <texPath>Resources/ScaleMedium</texPath>
              <color>(70,70,70)</color>
            </graphicData>
            <statBases>
              <MarketValue>108</MarketValue>
            </statBases>
            <butcherProducts Inherit="False">
              <Leather_Raptor>40</Leather_Raptor>
            </butcherProducts>
            <stuffProps>
              <color>(70,70,70)</color>
            </stuffProps>
          </ThingDef>
        </value>
      </li>

      <li Class="PatchOperationAdd">
        <xpath>Defs</xpath>
        <value>
          <ThingDef ParentName="DankPyon_HideBaseSmall">
            <defName>DankPyon_Hide_RaptorSml</defName>
            <label>small raptor hide</label>
            <graphicData>
              <texPath>Resources/ScaleTiny</texPath>
              <color>(70,70,70)</color>
            </graphicData>
            <statBases>
              <MarketValue>56.7</MarketValue>
            </statBases>
            <butcherProducts Inherit="False">
              <Leather_Raptor>21</Leather_Raptor>
            </butcherProducts>
            <stuffProps>
              <color>(70,70,70)</color>
            </stuffProps>
          </ThingDef>
        </value>
      </li>

      <li Class="PatchOperationAdd">
        <xpath>Defs</xpath>
        <value>
          <ThingDef ParentName="DankPyon_HideBaseHuge">
            <defName>DankPyon_Hide_PterosaurQue</defName>
            <label>huge quetzalcoatlus hide</label>
            <graphicData>
              <texPath>Resources/HideHuge</texPath>
              <color>(240,216,199)</color>
            </graphicData>
            <statBases>
              <MarketValue>226.8</MarketValue>
            </statBases>
            <butcherProducts Inherit="False">
              <Leather_PterosaurSkin>84</Leather_PterosaurSkin>
            </butcherProducts>
            <stuffProps>
              <color>(240,216,199)</color>
            </stuffProps>
          </ThingDef>
        </value>
      </li>

      <li Class="PatchOperationAdd">
        <xpath>Defs</xpath>
        <value>
          <ThingDef ParentName="DankPyon_HideBaseTiny">
            <defName>DankPyon_Hide_PterosaurPte</defName>
            <label>tiny pteranodon hide</label>
            <graphicData>
              <texPath>Resources/HideTiny</texPath>
              <color>(240,216,199)</color>
            </graphicData>
            <statBases>
              <MarketValue>40.5</MarketValue>
            </statBases>
            <butcherProducts Inherit="False">
              <Leather_PterosaurSkin>15</Leather_PterosaurSkin>
            </butcherProducts>
            <stuffProps>
              <color>(240,216,199)</color>
            </stuffProps>
          </ThingDef>
        </value>
      </li>

      <li Class="PatchOperationAdd">
        <xpath>Defs</xpath>
        <value>
          <ThingDef ParentName="DankPyon_HideBaseLarge">
            <defName>DankPyon_Hide_BlueFuzz</defName>
            <label>large yutyrannus hide</label>
            <graphicData>
              <texPath>Resources/HeavyFurHuge</texPath>
              <color>(91,144,155)</color>
            </graphicData>
            <statBases>
              <MarketValue>252</MarketValue>
            </statBases>
            <butcherProducts Inherit="False">
              <Leather_Bluefuzz>40</Leather_Bluefuzz>
            </butcherProducts>
            <stuffProps>
              <color>(91,144,155)</color>
            </stuffProps>
          </ThingDef>
        </value>
      </li>
    </operations>
  </match>
</Operation>
</Patch>
