<?xml version="1.0" encoding="utf-8" ?>
<Patch>

        <Operation Class="PatchOperationAdd">
          <xpath>Defs</xpath>
          <value>
            <ThingDef ParentName="DankPyon_HideBaseHuge">
              <defName>DankPyon_Hide_Humanskin</defName>
              <label>fresh human hide</label>
              <graphicData>
                <texPath>Resources/HumanHide</texPath>
              </graphicData>
              <statBases>
                <MarketValue>283.5</MarketValue>
              </statBases>
              <butcherProducts Inherit="False">
                <Leather_Human>75</Leather_Human>
              </butcherProducts>
            </ThingDef>
          </value>
        </Operation>

        <li Class="PatchOperationAdd">
          <xpath>Defs/PawnKindDef [defName="Human"]/lifeStages//li[4]</xpath>
  
          <value>
            <butcherBodyPart>
              <bodyPartGroup>HeadAttackTool</bodyPartGroup>
              <thing>DankPyon_Hide_Humanskin</thing>
              <allowFemale>true</allowFemale>
            </butcherBodyPart>
          </value>
        </li>

        <li Class="PatchOperationAdd">
          <xpath>Defs/PawnKindDef [defName="Human"]/lifeStages//li[5]</xpath>
  
          <value>
            <butcherBodyPart>
              <bodyPartGroup>HeadAttackTool</bodyPartGroup>
              <thing>DankPyon_Hide_Humanskin</thing>
              <allowFemale>true</allowFemale>
            </butcherBodyPart>
          </value>
        </li>

</Patch>
